{"cameraMode":{"drawMode":0,"name":"Shaded","section":"Shading Mode"},"sceneLighting":true,"audioPlay":false,"sceneViewState":{"m_AlwaysRefresh":false,"showFog":true,"showSkybox":true,"showFlares":true,"showImageEffects":true,"showParticleSystems":true,"showVisualEffectGraphs":true,"m_FxEnabled":true},"in2DMode":false,"pivot":{"x":1.3933347463607789,"y":0.4354857802391052,"z":1.9307478666305543},"rotation":{"x":-0.1794264018535614,"y":-0.06969539076089859,"z":0.012953333556652069,"w":-0.9815894961357117},"size":1.447451114654541,"orthographic":false}