{"cameraMode":{"drawMode":0,"name":"Shaded","section":"Shading Mode"},"sceneLighting":true,"audioPlay":false,"sceneViewState":{"m_AlwaysRefresh":false,"showFog":true,"showSkybox":true,"showFlares":true,"showImageEffects":true,"showParticleSystems":true,"showVisualEffectGraphs":true,"m_FxEnabled":true},"in2DMode":false,"pivot":{"x":1.4679875373840333,"y":0.9384270906448364,"z":-9.519377708435059},"rotation":{"x":-0.12145523726940155,"y":-0.034639619290828708,"z":0.004252492915838957,"w":-0.9921519756317139},"size":2.2438411712646486,"orthographic":false}