{"cameraMode":{"drawMode":0,"name":"Shaded","section":"Shading Mode"},"sceneLighting":true,"audioPlay":false,"sceneViewState":{"m_AlwaysRefresh":false,"showFog":true,"showSkybox":true,"showFlares":true,"showImageEffects":true,"showParticleSystems":true,"showVisualEffectGraphs":true,"m_FxEnabled":true},"in2DMode":false,"pivot":{"x":38.12938690185547,"y":0.7579658031463623,"z":5.813700199127197},"rotation":{"x":-0.06147495657205582,"y":0.08231697231531143,"z":0.04381648451089859,"w":-0.9965834617614746},"size":1.6213363409042359,"orthographic":false}