{"cameraMode":{"drawMode":0,"name":"Shaded","section":"Shading Mode"},"sceneLighting":true,"audioPlay":false,"sceneViewState":{"m_AlwaysRefresh":false,"showFog":true,"showSkybox":true,"showFlares":true,"showImageEffects":true,"showParticleSystems":true,"showVisualEffectGraphs":true,"m_FxEnabled":true},"in2DMode":false,"pivot":{"x":-3.3137989044189455,"y":-1.2364330291748047,"z":2.681770086288452},"rotation":{"x":-0.21505819261074067,"y":-0.036476463079452518,"z":0.0388525165617466,"w":-0.977682888507843},"size":2.9486074447631838,"orthographic":false}