{"cameraMode":{"drawMode":0,"name":"Shaded","section":"Shading Mode"},"sceneLighting":true,"audioPlay":false,"sceneViewState":{"m_AlwaysRefresh":false,"showFog":true,"showSkybox":true,"showFlares":true,"showImageEffects":true,"showParticleSystems":true,"showVisualEffectGraphs":true,"m_FxEnabled":true},"in2DMode":false,"pivot":{"x":2.9647016525268556,"y":0.2540235221385956,"z":1.0194035768508912},"rotation":{"x":0.1254076361656189,"y":0.3734775483608246,"z":-0.051032353192567828,"w":0.9177131652832031},"size":7.763934135437012,"orthographic":false}